WKT,name,description
"LINESTRING (-83.0247596 42.4481718, -83.0246737 42.4460501, -83.0245879 42.4436275, -83.0245021 42.4413314, -83.0223992 42.4413631, -83.0222061 42.4412839, -83.0194166 42.4413314, -83.0190733 42.4412998, -83.0186441 42.4412047, -83.0180433 42.4409672, -83.0176356 42.4406188, -83.0171455 42.4400201, -83.0166949 42.43945, -83.016137 42.4387057, -83.01515 42.4374705, -83.0148495 42.4370113, -83.0145921 42.4364887, -83.0145277 42.4359027, -83.0144204 42.435491, -83.0143131 42.4340182, -83.0142273 42.4317851, -83.0140771 42.428475, -83.0139054 42.4247845, -83.0137767 42.4218225, -83.0136694 42.4197158, -83.0135192 42.4193514, -83.0129827 42.4188604, -83.011824 42.4177832, -83.0113305 42.4173396, -83.0103005 42.4161674, -83.0090345 42.4146466, -83.0078275 42.4132723, -83.0070523 42.4124584, -83.0061485 42.4116445)",Line 14,
"LINESTRING (-83.0135192 42.4193514, -83.0139405 42.4199441, -83.0140263 42.420641, -83.0141551 42.4239832, -83.0142838 42.4273411, -83.014434 42.430588, -83.0145842 42.4335496, -83.0146057 42.4342147, -83.0146271 42.4345314, -83.0146057 42.4355133, -83.0145277 42.4359027)",Line 15,
"LINESTRING (-83.0061485 42.4116445, -83.0046344 42.4104348, -83.0034971 42.4095635, -83.0027461 42.4089852, -83.0028534 42.4088664, -83.0012119 42.4076147, -83.0004072 42.4070206, -82.9987442 42.4057531, -82.9976499 42.4049054, -82.9967487 42.4041686, -82.9961908 42.4037408, -82.9957294 42.4033923, -82.99559 42.40321, -82.9955041 42.4030595, -82.9953539 42.402909, -82.995193 42.4027743, -82.9950321 42.4026396, -82.9949033 42.4024891, -82.994796 42.402291, -82.9946244 42.4020534, -82.9943669 42.4017919, -82.9941308 42.4015939, -82.9938948 42.4014433, -82.9935944 42.4012215, -82.993294 42.4009838, -82.9931223 42.4007858, -82.9929399 42.400659, -82.9928648 42.4005164, -82.9927683 42.4003342, -82.9927548 42.4001403, -82.9926905 42.4000215, -82.992551 42.3999105, -82.9923686 42.3998155, -82.9922399 42.3996808, -82.9920789 42.3994748, -82.9919931 42.3993084, -82.9919073 42.3991262, -82.9917678 42.3989836, -82.9915854 42.3989123, -82.9913923 42.3988251, -82.9912957 42.3987538, -82.9911241 42.3986825, -82.9909846 42.3985161, -82.990888 42.398421, -82.9907056 42.3982626, -82.9905876 42.3980328, -82.9904803 42.3977951, -82.9904267 42.3975257, -82.990373 42.3973039, -82.9903945 42.3971771, -82.990184 42.397222)",Line 16,
"LINESTRING (-82.990184 42.397222, -82.9900576 42.3967981, -82.9898537 42.3964733, -82.9895855 42.3960692, -82.9892744 42.3956809, -82.9889203 42.3954036, -82.9885019 42.3952452, -82.988062 42.3951818, -82.987547 42.3951105, -82.9871179 42.3950471, -82.9866673 42.3949678, -82.9863239 42.3948807, -82.9860557 42.3947777, -82.9858197 42.3946905, -82.9854442 42.3944607, -82.985176 42.394326, -82.9849936 42.394223, -82.9848005 42.3940725, -82.9845859 42.3938823, -82.9843284 42.3936605, -82.9840924 42.3934782, -82.9838349 42.3932881, -82.9835881 42.3931534, -82.983395 42.3930424, -82.9831804 42.3929315, -82.9834164 42.3926859, -82.983631 42.392464, -82.9838563 42.3922342, -82.9841031 42.3919807, -82.9843069 42.3917746, -82.984543 42.3915131, -82.9847254 42.3912834, -82.9849507 42.3910456, -82.9852296 42.3907525, -82.9854442 42.3905227, -82.9856802 42.3903166, -82.9857982 42.3902374, -82.9857231 42.3901582, -82.9853905 42.3896748, -82.9848863 42.3889141, -82.9841782 42.3878285, -82.9838349 42.3872579, -82.9835345 42.3867507, -82.9832233 42.3862753, -82.9828478 42.3857364, -82.9826547 42.3854511, -82.9823114 42.3849122, -82.9819788 42.3844051, -82.9816247 42.3838662, -82.9812707 42.3833194, -82.9809381 42.3827963, -82.9805626 42.3822257, -82.9800798 42.3814966, -82.9795648 42.3806883, -82.9790283 42.379864, -82.9786206 42.3792458, -82.9782344 42.3786435, -82.9777731 42.3778985, -82.9773868 42.3773437, -82.9771079 42.3769237, -82.9767324 42.3763768, -82.9764749 42.3759884, -82.976035 42.3753147, -82.9758097 42.3749501, -82.9753913 42.3743398, -82.9749621 42.3736582, -82.9742969 42.3726437, -82.9738678 42.371962, -82.9733206 42.3711218, -82.9728163 42.370345, -82.9723121 42.369592, -82.9721619 42.3693621, -82.9735352 42.3688548, -82.9745973 42.3684268, -82.976271 42.3677688, -82.9776443 42.367206, -82.9802836 42.3661755, -82.9817105 42.3656048, -82.9830624 42.3650657, -82.9847683 42.3643761, -82.9866565 42.3636388, -82.9881586 42.3630363, -82.9884697 42.3628936, -82.9896112 42.3624639, -82.9920144 42.3615284, -82.993774 42.3608308, -82.9958125 42.3600222, -82.9982372 42.3590708, -83.0008014 42.3580402, -83.0033012 42.3571205, -83.0040307 42.356851, -83.0053182 42.3563911, -83.0074425 42.3556062, -83.0073138 42.3553763, -83.0057688 42.3530136, -83.0046959 42.351412, -83.0043097 42.3508094, -83.003623 42.3498103, -83.0027862 42.3485258, -83.0026574 42.3484584, -83.0025502 42.3483275, -83.0020781 42.3476218, -83.0015417 42.3470351, -83.0011983 42.3465752, -83.0009408 42.346147, -83.0007263 42.3457663, -83.0007263 42.3455443, -83.0004044 42.3451002, -82.9992028 42.3435143, -82.9979582 42.341849, -82.9965635 42.3399933)",Line 17,
"LINESTRING (-83.0027862 42.3485258, -83.0028288 42.3483762, -83.0027644 42.3482334, -83.0025069 42.3478449, -83.0022924 42.3475356, -83.0020993 42.347266, -83.0018847 42.3469251, -83.0015735 42.3465445, -83.0012624 42.3461638, -83.0011337 42.3459815, -83.0010156 42.3457991, -83.0009083 42.3456484, -83.0007263 42.3455443)",Line 18,
"LINESTRING (-82.9965635 42.3399933, -82.9963273 42.3396957, -82.9961825 42.3395629, -82.9956782 42.3392536, -82.9951418 42.339095, -82.9943961 42.3389681, -82.9940957 42.3389245, -82.9939133 42.3389205, -82.9935539 42.3390157, -82.9930443 42.3391941, -82.992524 42.3393884, -82.992009 42.3395867, -82.9916066 42.3397294, -82.9912687 42.3398285, -82.9907591 42.3399277, -82.9902548 42.3400308, -82.9898686 42.3401338, -82.9891122 42.34034, -82.9883612 42.3405462, -82.9879267 42.3406572, -82.9875297 42.3407683, -82.9870254 42.3408872, -82.9863656 42.34103, -82.985679 42.3411925, -82.9850996 42.3413194, -82.9843003 42.3415018, -82.9836673 42.3416446, -82.9830236 42.3417873)",Line 19,
"LINESTRING (-82.9830236 42.3417873, -82.9812808 42.3421893, -82.9801543 42.342451, -82.9796822 42.3425858, -82.9787596 42.3430934, -82.978148 42.3435136, -82.9779764 42.3437595, -82.9778691 42.3442511, -82.9777832 42.3445128, -82.9775043 42.3449569, -82.977279 42.3453375, -82.9770215 42.3457498, -82.976764 42.3461701, -82.9766245 42.3464001, -82.976528 42.3465904, -82.9763456 42.3467886, -82.9762222 42.3469194, -82.9759593 42.3471296)",Line 20,
"LINESTRING (-82.9759593 42.3471296, -82.9754891 42.3474071, -82.9749527 42.3476371, -82.9745128 42.347756, -82.9741266 42.3477956, -82.9736438 42.3478432, -82.9730644 42.3478908, -82.9725173 42.3479622, -82.9718735 42.3480811, -82.9713156 42.3482, -82.9709616 42.348319, -82.9706504 42.3485013, -82.9704788 42.3486758, -82.9702964 42.3490009, -82.9700925 42.3492705, -82.9697599 42.3495004, -82.9695025 42.3496035, -82.9690518 42.3497383, -82.9687085 42.3498334, -82.9684296 42.3498493, -82.9680648 42.3498097, -82.9677107 42.3496907, -82.9672494 42.3495559, -82.9667988 42.3494608, -82.9664447 42.3494053, -82.9660478 42.3493736, -82.9657474 42.3493022, -82.9654148 42.3491357, -82.9651144 42.348882, -82.9648032 42.3486282, -82.9645457 42.3483586, -82.9642775 42.3480256, -82.9640522 42.3477719, -82.9638054 42.3475102, -82.9634085 42.3473278, -82.9630866 42.3471692, -82.9629149 42.3469631, -82.9627755 42.3466776, -82.9624643 42.3463445, -82.9620245 42.3459164, -82.9615846 42.3454644, -82.9611983 42.3451472, -82.9609623 42.3449886, -82.9607692 42.3447983, -82.9606083 42.3445683, -82.9603937 42.3441084, -82.9601469 42.3434978, -82.9600504 42.3431727, -82.9599538 42.3427999, -82.9598036 42.3422607, -82.9597178 42.3419197, -82.9596963 42.3417294, -82.9597178 42.3413963, -82.9597499 42.3411584, -82.9597821 42.3410157, -82.9600182 42.3407778, -82.96034 42.3405874, -82.9611018 42.3402702, -82.9614451 42.3401671, -82.9624 42.3400403, -82.9625716 42.3400085, -82.9632261 42.3398579, -82.9636874 42.3397548, -82.9642239 42.3397072, -82.9649749 42.3396913, -82.9657259 42.3396596, -82.9663374 42.3396675, -82.9667666 42.3396437, -82.9674854 42.3395327, -82.9682901 42.3393979, -82.9689767 42.3392789, -82.9695668 42.3392314, -82.9703178 42.339152, -82.9708221 42.3390648, -82.9715409 42.3388666, -82.9720774 42.3387317, -82.9731824 42.3385017, -82.9742231 42.3382956, -82.9748025 42.3381687, -82.9752209 42.3380814, -82.9754462 42.3380021, -82.9758217 42.3378673, -82.9763475 42.3375977, -82.9769054 42.3373439, -82.9772594 42.3371853, -82.9777637 42.3370187, -82.9783108 42.3369236, -82.9788044 42.3368125, -82.9791799 42.3366936, -82.9797378 42.3364715, -82.9800596 42.3363525, -82.9802742 42.3362891, -82.9807785 42.3362019, -82.9812183 42.3361463, -82.9817333 42.3360591, -82.9822483 42.3359322, -82.982774 42.3358053, -82.9833963 42.3356626, -82.9840186 42.3355119, -82.9845979 42.3353691, -82.9851666 42.3352184, -82.9856601 42.3350598, -82.9860892 42.3349012, -82.9865935 42.334695, -82.9870226 42.3344967, -82.9873982 42.3343143, -82.9879346 42.3340843, -82.988353 42.3338939, -82.988868 42.3337274, -82.9893079 42.3336164, -82.9899623 42.3335291, -82.9906168 42.3335053, -82.9913571 42.3335529, -82.9919901 42.3336164, -82.9926124 42.3336719, -82.9932346 42.3336798, -82.9939642 42.3336877, -82.9945972 42.3336639, -82.9951336 42.3335767, -82.9958417 42.3334577, -82.9962173 42.3334339, -82.9973331 42.3334101, -82.9984381 42.3333864, -82.9995539 42.3333626, -83.000423 42.3333705, -83.0009379 42.3333546, -83.001646 42.3333308, -83.0020216 42.333315, -83.0022469 42.3333229, -83.00244 42.3333864, -83.0025258 42.333537, -83.0029228 42.3341953, -83.0029657 42.3343222, -83.0029442 42.3344491, -83.0028048 42.3345919, -83.0019143 42.3353374, -83.0010452 42.3360591, -83.0006375 42.3364001, -83.0003693 42.3366143, -82.9999938 42.3367967, -82.9995325 42.3369236, -82.9990389 42.3370187, -82.9984059 42.3371377, -82.9978051 42.3372566, -82.9974511 42.337328, -82.9972794 42.3374153, -82.9971507 42.3375421, -82.9970326 42.3377008, -82.9965391 42.3386921, -82.9963782 42.3390331, -82.9962924 42.339271, -82.9963031 42.3394613, -82.9963675 42.3396358, -82.9965635 42.3399933)",Line 21,
"LINESTRING (-83.0062642 42.340883, -83.0064014 42.3408494, -83.0065409 42.340778, -83.0065892 42.3407404, -83.0068413 42.3408434, -83.0069379 42.3409029, -83.0070022 42.3409822, -83.0070612 42.3410377, -83.0071739 42.3410893, -83.0072812 42.3411527, -83.007367 42.3412598, -83.0073885 42.3413946, -83.0073885 42.3415016, -83.0074421 42.3416087, -83.0075548 42.341692, -83.0077211 42.3417435, -83.0078659 42.3417633, -83.0079517 42.3417633, -83.0080429 42.3417514, -83.0081395 42.3416999, -83.00822 42.3416721, -83.008338 42.3416721, -83.0084345 42.341692, -83.0085043 42.3417158, -83.0085365 42.3416563, -83.0085633 42.3416285, -83.0086652 42.3415849, -83.0088047 42.3415849, -83.0088905 42.341573, -83.0090085 42.3415254, -83.0091748 42.341458, -83.0093089 42.3414025, -83.0094538 42.341343, -83.0095611 42.3412875, -83.0095021 42.3411805, -83.0093626 42.3409584, -83.0091963 42.3406928, -83.009089 42.3405223, -83.0088905 42.340217, -83.008751 42.3399989, -83.008633 42.3398284, -83.0085794 42.3397372, -83.0085633 42.3396777, -83.0086062 42.339638, -83.0087725 42.3395548, -83.0088744 42.3394993, -83.0089388 42.3394437, -83.0089602 42.3393763, -83.0089871 42.339305, -83.00903 42.3392534, -83.0090997 42.3392098, -83.0092231 42.3391662, -83.0093036 42.339186, -83.0093787 42.3392891, -83.0094699 42.3394081, -83.0095557 42.3395191, -83.0096362 42.3396261, -83.0096791 42.3396658, -83.0097703 42.3396341, -83.0099151 42.3395667, -83.0103604 42.3393803, -83.0106983 42.3392376, -83.0108271 42.339182, -83.01087 42.3391582, -83.0108539 42.3391226, -83.0106983 42.3389124, -83.0105642 42.338734, -83.0105213 42.3386705, -83.010532 42.3386269, -83.0108271 42.3384524, -83.0110202 42.3383374, -83.0111704 42.3382581, -83.0111918 42.3382224, -83.011106 42.3381392, -83.0110577 42.3381075, -83.0110953 42.3380519, -83.011342 42.3378418, -83.0115083 42.3377466, -83.0117336 42.3376316, -83.0120609 42.337477, -83.0124954 42.3372787, -83.012946 42.3370725, -83.0134342 42.3368346, -83.0139706 42.3365848, -83.0140457 42.3365491, -83.0140779 42.3365055, -83.0142174 42.336446, -83.0142335 42.3363825, -83.0143086 42.3363429, -83.0149308 42.3360891, -83.0157409 42.3357639, -83.01639 42.3355062, -83.0167226 42.3353674, -83.016862 42.3353198, -83.0169425 42.3353198, -83.0169908 42.3353317, -83.0173019 42.3352088, -83.0177954 42.3350145, -83.018187 42.3348638, -83.0183104 42.3348122, -83.018407 42.3347845, -83.018466 42.3348201, -83.0186108 42.3350382, -83.0187128 42.3352008, -83.0187557 42.3352643, -83.01882 42.3352801, -83.0191205 42.3351612, -83.0193458 42.3350739, -83.0192867 42.3350184, -83.0191419 42.3348043, -83.0190132 42.3346139, -83.0190078 42.3345465, -83.0191044 42.334487, -83.0192867 42.3344196, -83.0194101 42.3343879, -83.0195121 42.3344038, -83.0195979 42.3344236, -83.0196998 42.3343919, -83.0198607 42.3343245, -83.0200002 42.334265, -83.0206171 42.3352167, -83.0209926 42.3350977, -83.0217276 42.3348638, -83.0223337 42.3346695, -83.022661 42.3345664, -83.0237231 42.3341817, -83.0246726 42.3338526, -83.0259118 42.3334203, -83.0274568 42.332877, -83.0289803 42.3323377, -83.0290232 42.3323218, -83.0289481 42.3322901, -83.028873 42.3322544, -83.0287764 42.3321156, -83.0284653 42.331612, -83.0282775 42.3313145, -83.028181 42.3311757, -83.0281327 42.3311044, -83.028138 42.3310568, -83.0282239 42.3310171, -83.0284867 42.330918, -83.0287281 42.3308506, -83.0295596 42.3306007, -83.0298225 42.3305571, -83.0301014 42.3304976, -83.0302033 42.33045, -83.0303214 42.3304262, -83.0304447 42.33045, -83.0305788 42.3304421, -83.0306754 42.3303945, -83.0307559 42.3303231, -83.0307934 42.3302557, -83.0309758 42.3301922, -83.0311099 42.3301526, -83.0312226 42.3301288, -83.0312977 42.3301447, -83.0313406 42.3302121, -83.0314372 42.3301922, -83.0315659 42.3301605, -83.0317805 42.3301248, -83.0319092 42.3301169, -83.0320058 42.3301367, -83.0320433 42.3301367, -83.0323813 42.3299821, -83.0326978 42.329871, -83.0331323 42.3297163, -83.0339102 42.3294982, -83.0340657 42.3294467, -83.0341462 42.3293872, -83.0342535 42.3292642, -83.0343232 42.3292048, -83.0345968 42.3291175, -83.0348006 42.329058, -83.0353961 42.3288835, -83.0361847 42.3286376, -83.0373809 42.3282847, -83.0378047 42.3281617, -83.0385987 42.3279515, -83.0393658 42.3277453, -83.0403421 42.3274915, -83.0410985 42.3272892, -83.0420641 42.3270473, -83.0421392 42.3268887, -83.0436197 42.3264762, -83.0444834 42.3262263, -83.045508 42.3259289, -83.046656 42.3255838, -83.0472246 42.3254212, -83.0484048 42.3250762, -83.0496815 42.3247034, -83.0501322 42.3245764, -83.0513177 42.3242393, -83.051881 42.3240886, -83.0520741 42.3244218)",Line 23,
"LINESTRING (-83.0586526 42.3227585, -83.0587444 42.3227021, -83.0596778 42.3224523, -83.0598816 42.3224047, -83.0602089 42.3222817, -83.0607882 42.3220556, -83.061212 42.3218851, -83.0614695 42.321778, -83.0621776 42.3227339)",Line 24,
"LINESTRING (-83.0746849 42.3264624, -83.0760366 42.3260526)",Line 25,
"LINESTRING (-83.0812773 42.3244235, -83.0819713 42.3244831, -83.0825936 42.324261, -83.0841171 42.3236264)",Line 26,
"LINESTRING (-83.0884565 42.3220387, -83.0879769 42.3214138, -83.0877945 42.3210092, -83.0873975 42.3206285, -83.0862066 42.3189705, -83.0859813 42.3187087, -83.0856702 42.3181613, -83.0853805 42.3176695, -83.0849084 42.3172252, -83.0840501 42.3160352, -83.0837497 42.3155275, -83.0834064 42.3151308)",Line 27,
"LINESTRING (-83.088757 42.3219276, -83.0882447 42.32127, -83.0880086 42.3210637, -83.0878155 42.3208099, -83.0877512 42.3206036, -83.0868285 42.3193502, -83.0865281 42.3190171, -83.0855625 42.3177319, -83.0853908 42.3175415, -83.085305 42.3172718, -83.0844467 42.3160501, -83.0840604 42.3155265, -83.08376 42.3151456, -83.0836313 42.3150346)",Line 28,
"LINESTRING (-83.1309119 42.2957421, -83.1384224 42.2929351, -83.143701 42.2907923, -83.1435294 42.2899986, -83.1437225 42.2896653, -83.1446881 42.2885541, -83.1456322 42.2876811, -83.1488294 42.2839189, -83.1505246 42.2819662, -83.1506104 42.2816487, -83.1513829 42.2806168, -83.1519837 42.2799342, -83.1527347 42.2793309, -83.1531853 42.2788387, -83.153829 42.2775845, -83.1541509 42.2771717, -83.1550092 42.2763937, -83.1551165 42.2762032)",Line 29,
"LINESTRING (-83.1505246 42.2819662, -83.1512679 42.2813394, -83.1524695 42.2799582, -83.1534136 42.2788627, -83.1536497 42.2783865, -83.1540359 42.2776244, -83.1551517 42.2767829, -83.1554521 42.2764178)",Line 30,
"LINESTRING (-83.2311159 42.3105162, -83.2310515 42.3106511, -83.2304507 42.3112144, -83.2302683 42.3114207, -83.230161 42.311627, -83.2298499 42.3118491, -83.2297104 42.3121982, -83.2293349 42.3127139, -83.22941 42.3129995, -83.2292061 42.3137929, -83.2293563 42.3140626, -83.2295817 42.314253, -83.2297211 42.314261, -83.230043 42.3141975, -83.2302254 42.3143482, -83.230794 42.3146497, -83.2311266 42.3151812, -83.2314807 42.3155779, -83.2316845 42.3156652, -83.23206 42.3156097, -83.2326072 42.3156414, -83.2330685 42.3157128, -83.2333046 42.3158873, -83.2339161 42.3164109, -83.2341521 42.3167283, -83.2343345 42.316998, -83.234592 42.317236, -83.2350319 42.3174105, -83.236137 42.3183784, -83.2363515 42.3186005, -83.2363837 42.3187115, -83.2365769 42.318775, -83.2368558 42.3190051, -83.2369738 42.3191875, -83.2371348 42.3192589, -83.2371562 42.3194414, -83.2372957 42.319481, -83.2374244 42.3196556, -83.2377356 42.3197984, -83.2378643 42.3198618, -83.2381433 42.3201157, -83.2380896 42.3206313, -83.2379716 42.3207106, -83.2377785 42.3207979, -83.2377785 42.3209169, -83.2378321 42.3211152, -83.237757 42.3212263, -83.2375746 42.3213849, -83.2374459 42.3214484, -83.237403 42.321615, -83.2374459 42.3217498, -83.2375532 42.3218529, -83.2377248 42.3218529, -83.2401817 42.3217657, -83.2403319 42.3217974, -83.2404607 42.3219005, -83.2406967 42.3224558, -83.2408577 42.3228842, -83.2409757 42.3232332, -83.2410722 42.3235902)",Line 32,
"LINESTRING (-83.2410722 42.3235902, -83.2412129 42.3237703, -83.2410145 42.3236949)",Line 33,
"LINESTRING (-83.2412129 42.3237703, -83.2413149 42.3238099, -83.2418513 42.3238575, -83.2419961 42.3239051, -83.2420391 42.3239844, -83.2420283 42.3241986, -83.2420605 42.324266, -83.242259 42.3244485, -83.2426291 42.3247935, -83.2428705 42.325091, -83.2430583 42.3252734, -83.2432675 42.3254638, -83.2433265 42.3256423, -83.243407 42.3258089, -83.2434982 42.3258882, -83.2437771 42.3259239, -83.2439166 42.3259318, -83.2441151 42.3259001, -83.2443726 42.3258287, -83.2446462 42.325793, -83.2447588 42.3258485, -83.2448822 42.3260468, -83.2449358 42.3266695, -83.2449358 42.3267567, -83.2448929 42.3268559, -83.2449037 42.3270026, -83.2449251 42.3274429, -83.2449573 42.3278315, -83.244968 42.3279822, -83.2449841 42.3280298, -83.2450431 42.3280655, -83.2452523 42.3280536, -83.2453167 42.3280615, -83.2453543 42.328125, -83.2454401 42.3286049, -83.245483 42.3288032, -83.2455367 42.3289539, -83.2456225 42.3291284, -83.2457405 42.3292989, -83.2459712 42.329525, -83.2463467 42.3298422, -83.2466686 42.3300524, -83.2470441 42.3302229, -83.2475108 42.3304212, -83.2477897 42.3305918, -83.2478434 42.3306235, -83.2482564 42.330798, -83.248412 42.3308297, -83.2489109 42.3310201, -83.2491684 42.3311113, -83.24934 42.3311509, -83.250091 42.3312461, -83.2510191 42.3313214, -83.2517916 42.3314008, -83.2523495 42.3314721, -83.2529342 42.3315951, -83.2535028 42.3317696, -83.2538998 42.3319084, -83.2546454 42.3322415, -83.2554555 42.3327015, -83.2561743 42.3330941, -83.2567858 42.3334788, -83.2571614 42.333792, -83.257671 42.334371, -83.2578641 42.3346962, -83.2580143 42.3350134, -83.2582181 42.3355924, -83.2583898 42.3361237, -83.2585025 42.3364846, -83.2586419 42.3367463, -83.2590174 42.3372222)",Line 34,
"LINESTRING (-83.2590174 42.3372222, -83.2593453 42.3375549, -83.259474 42.337662, -83.2597798 42.3378483, -83.2600427 42.3379713, -83.2602894 42.3380545)",Line 35,
"LINESTRING (-83.2521795 42.3421495, -83.251801 42.3423327, -83.2507496 42.3423882, -83.2499556 42.3424199, -83.2491724 42.3425071, -83.2486253 42.3425626, -83.2477562 42.3426499, -83.2468336 42.3427529, -83.2458036 42.3428719, -83.2456748 42.342975, -83.2454388 42.343205, -83.2452457 42.3434746, -83.2451813 42.3437521, -83.2452242 42.3440931, -83.2453315 42.3443627, -83.2457285 42.3450209, -83.2459055 42.3453262, -83.2459484 42.3454491, -83.2459109 42.3455284, -83.2456909 42.3457028, -83.245471 42.3458654, -83.245294 42.3460279, -83.2451706 42.3462143, -83.2450687 42.3464958, -83.2450526 42.3466346, -83.2450794 42.3467575, -83.2451384 42.3468962, -83.245192 42.3469835, -83.2454978 42.3472451, -83.245707 42.3474077, -83.2459001 42.3475544, -83.2460289 42.3476218, -83.2461845 42.3476773, -83.2463293 42.3477566, -83.2464956 42.3477962, -83.2466458 42.3478597, -83.2468389 42.348046, -83.2468818 42.3481491, -83.246914 42.3484385, -83.2470106 42.3487874, -83.2470589 42.3490292, -83.2470589 42.3491125, -83.2472359 42.3495169, -83.2474075 42.3498935, -83.2476221 42.3503732, -83.2478099 42.3508212, -83.2478796 42.35096, -83.2480137 42.3511384, -83.24818 42.3512969, -83.248341 42.3514317, -83.2485448 42.3515744, -83.2487647 42.3516894, -83.2490973 42.3518202, -83.2497733 42.3520145, -83.2500951 42.3520977, -83.2504867 42.3522603, -83.2506691 42.3523673, -83.2508515 42.352518, -83.2509534 42.3525695, -83.2510607 42.3525973, -83.2511465 42.3525973, -83.2512807 42.3525616, -83.2513397 42.3526567, -83.2514738 42.3527439, -83.2515757 42.3527994)",Line 60,
"LINESTRING (-83.2515757 42.3527994, -83.2517889 42.3525767, -83.2518587 42.3525013, -83.2518426 42.3524339, -83.2523039 42.3521644, -83.252599 42.351978, -83.2529101 42.3518155, -83.2532051 42.3517005, -83.2535699 42.3516212, -83.2540849 42.3515578, -83.2544926 42.3515142, -83.254455 42.3514349, -83.254396 42.3513596, -83.254455 42.3513041, -83.2544819 42.3511574, -83.254455 42.3510226, -83.254396 42.3508402, -83.2543585 42.3506975, -83.2541171 42.3504041, -83.2538596 42.3501306, -83.2536611 42.3500354, -83.2535377 42.3499839, -83.2533661 42.3498531, -83.2531729 42.3497936, -83.2529369 42.3497896, -83.2527813 42.3497738, -83.2526526 42.3497222, -83.2524327 42.3496192, -83.2523254 42.3495914, -83.2521001 42.3495914, -83.2519928 42.3495835, -83.251923 42.3495478, -83.2517782 42.3493853, -83.2516548 42.3493099, -83.2514832 42.3492346, -83.2513061 42.3491038, -83.2512096 42.3490483, -83.2511398 42.3490126, -83.2510486 42.3489055, -83.2509199 42.3488302, -83.2507214 42.3487073, -83.2506088 42.3485884, -83.250539 42.3484694, -83.2504693 42.3483267, -83.2504585 42.3481443, -83.2504371 42.347958, -83.2503674 42.3476725, -83.2502923 42.3475338, -83.2501689 42.3473633, -83.2501045 42.3472444, -83.250024 42.3469034, -83.2500348 42.3467369, -83.2500616 42.3464197, -83.2502064 42.3460866, -83.2503513 42.3457774, -83.2505122 42.3455316, -83.2507482 42.3453888, -83.2508502 42.3452739, -83.2510808 42.344925, -83.2512578 42.3446355, -83.25129 42.3445324, -83.2513383 42.3444452, -83.2515207 42.3442668, -83.2516924 42.3440963, -83.2519016 42.3438743, -83.2519552 42.3438029, -83.2519874 42.3435967, -83.2520035 42.3435095, -83.2520089 42.3432399, -83.2520035 42.3429584, -83.2520035 42.3427998, -83.2519499 42.3426372, -83.251801 42.3423327)",Line 61,
"LINESTRING (-83.2515757 42.3527994, -83.2514182 42.3530688, -83.2514182 42.3532512, -83.2515469 42.3534415, -83.2516971 42.353719, -83.2517937 42.354044, -83.2518044 42.3544484, -83.2517508 42.3547893, -83.2515684 42.3552175, -83.251268 42.3556297, -83.2510426 42.3559469, -83.2507422 42.3563116, -83.2505277 42.356597, -83.2504418 42.3568428, -83.2504526 42.3575246, -83.2504847 42.3578814, -83.2505169 42.3582936, -83.2505384 42.3589516, -83.2505491 42.3594432, -83.2504096 42.3598951, -83.2500449 42.3604183, -83.2497015 42.3606878, -83.2492724 42.3609574, -83.248854 42.361219, -83.2484248 42.3615123, -83.2481459 42.3617898, -83.2480064 42.3620355, -83.2479206 42.3622971, -83.2479206 42.3625905, -83.2480064 42.3628996, -83.2480922 42.363082, -83.2484248 42.363518, -83.2488218 42.3639619, -83.2489398 42.3641204, -83.2491866 42.3645406, -83.2492938 42.364937, -83.2493046 42.3653333, -83.2492402 42.3657217, -83.2491866 42.3661894, -83.2493046 42.366776, -83.2494226 42.3670059, -83.2493046 42.3673071, -83.2493153 42.367434, -83.249723 42.3677748, -83.2500771 42.3680602, -83.2503882 42.3683376, -83.2506886 42.3685516, -83.2510212 42.3687181, -83.2514933 42.3688925, -83.252019 42.3689955, -83.2525018 42.3690193, -83.2529417 42.3689955, -83.2535317 42.3688766, -83.2539931 42.3687657, -83.2545832 42.3686468, -83.255184 42.368512, -83.2556239 42.3684169, -83.2558921 42.3683456, -83.2560101 42.3681553, -83.255935 42.3677669, -83.2558921 42.3673943, -83.2559135 42.3670614, -83.2559565 42.366776, -83.256053 42.3663163, -83.2560959 42.3660388, -83.2561067 42.3657376, -83.2560637 42.3653888, -83.2559565 42.3649528, -83.2558814 42.3646595, -83.2558063 42.3643186, -83.255817 42.3640808, -83.2559028 42.3637003, -83.2559565 42.3634863, -83.2561925 42.3631454, -83.2564178 42.3628758, -83.2566002 42.3627411, -83.256804 42.3625746)",Line 36,
"LINESTRING (-83.256804 42.3625746, -83.2574294 42.3622881, -83.2582126 42.3620661, -83.2592533 42.3619155, -83.2603477 42.3618917, -83.2610343 42.3618837, -83.2615386 42.3618283, -83.2619677 42.3617331, -83.262429 42.3615746, -83.2627295 42.3614398, -83.2633625 42.3611703, -83.2636736 42.3609959, -83.2639418 42.3607818, -83.2641242 42.3606074, -83.2642529 42.3604013, -83.264371 42.3601397, -83.2644139 42.3599177, -83.2644246 42.3596164, -83.2643066 42.3593865, -83.2641349 42.3591725, -83.2637916 42.3589188, -83.2633195 42.3586571, -83.2626544 42.3584431, -83.2621394 42.3582528, -83.2617853 42.3580943, -83.2616351 42.3579357, -83.2615815 42.3576978, -83.2616458 42.3573649, -83.2616673 42.3571825, -83.2616566 42.3569288, -83.2616029 42.3566751, -83.2613776 42.3563976, -83.2610558 42.3561439, -83.2605515 42.3559536, -83.2598005 42.355692, -83.2591138 42.3554383, -83.2584165 42.3551291, -83.2579873 42.3548992, -83.2574723 42.35459, -83.2566569 42.3540587, -83.2559274 42.3535592, -83.2554231 42.3531945, -83.2551334 42.3529567, -83.2548867 42.3527188, -83.2546399 42.3523858, -83.2545219 42.3520211, -83.2544575 42.3517277, -83.2544926 42.3515142)",Line 37,
"LINESTRING (-83.2499275 42.3679292, -83.2493589 42.3681511, -83.2492194 42.3680718, -83.2490692 42.3680005, -83.2488868 42.3678023, -83.2486186 42.3675011, -83.2482645 42.3673426, -83.2478139 42.3672316, -83.2467303 42.3672633, -83.2464084 42.3673188, -83.2460866 42.367192)",Line 38,
"LINESTRING (-83.2464084 42.3673188, -83.2463226 42.3674615, -83.2463012 42.367842, -83.2464192 42.3682383, -83.2464192 42.3687932, -83.2463441 42.3689755, -83.246387 42.3692371, -83.2464084 42.3706084, -83.2464406 42.370973, -83.2463977 42.3712108, -83.2466767 42.3715675, -83.2472131 42.3714961, -83.2483182 42.3714248, -83.24864 42.3714486, -83.2498417 42.3715199, -83.2501957 42.3715358, -83.2503781 42.3714644, -83.2503888 42.3712663, -83.2503888 42.370537, -83.2504854 42.3704498, -83.2505712 42.3703785, -83.2505283 42.3702913, -83.2504532 42.37022, -83.2504532 42.3701249, -83.2503888 42.3700218, -83.2502601 42.3700218, -83.2500348 42.3700694, -83.2498309 42.3700694, -83.2496378 42.3699822, -83.2495735 42.3698791, -83.2494876 42.3695066, -83.2494876 42.3693401, -83.2496056 42.3690151, -83.2495842 42.3687218, -83.2494662 42.3683493, -83.2493589 42.3681511)",Line 39,
"LINESTRING (-83.2560101 42.3681553, -83.2561306 42.3686846, -83.2563452 42.368867, -83.256946 42.3693029, -83.2577614 42.3698261, -83.2582549 42.3701669, -83.2585983 42.3704919, -83.2588128 42.370801, -83.2589523 42.371134, -83.2589738 42.3713876, -83.2590274 42.3714669, -83.2592956 42.3714272, -83.2595317 42.3713083, -83.2597248 42.3713242, -83.259993 42.3714114, -83.2601754 42.3714431, -83.2603685 42.3714114, -83.2605831 42.3713638, -83.2606797 42.3713955)",Line 40,
"LINESTRING (-83.1383948 42.3108262, -83.13845 42.3108334, -83.1385412 42.3109643, -83.1387558 42.3111627, -83.1389972 42.3113372, -83.139142 42.3113809, -83.1392332 42.3113809, -83.1396516 42.3115157, -83.1400379 42.3116149, -83.1396945 42.3119561, -83.1393995 42.3122099, -83.1389596 42.312567, -83.1385734 42.3129042, -83.1384124 42.3130073, -83.13823 42.3130509, -83.138053 42.3131263, -83.1378921 42.3132572, -83.1377151 42.3134476, -83.1375863 42.3137015, -83.1375327 42.3138165, -83.1373825 42.3139633, -83.1372054 42.314118, -83.1370123 42.3142965, -83.1367226 42.314602, -83.1364115 42.3149193, -83.1361165 42.3151613, -83.1357356 42.3154508, -83.1354674 42.3156571, -83.1350704 42.3158753, -83.1347432 42.3160458, -83.1343998 42.3161529, -83.1340029 42.3162838, -83.1342336 42.3164306)",Line 41,
"LINESTRING (-83.0405436 42.3542453, -83.0403218 42.3539618, -83.0398819 42.3532878, -83.0389485 42.3518765, -83.038294 42.3509092, -83.0393132 42.3504969)",Line 42,
"LINESTRING (-83.038294 42.3509092, -83.0376717 42.3499339, -83.0365237 42.3481736, -83.0356654 42.3468494, -83.0349788 42.3460406, -83.0351719 42.3467939, -83.0352148 42.3469208, -83.0353221 42.3470794, -83.0356869 42.3472855)",Line 43,
"LINESTRING (-83.0349788 42.3460406, -83.0344191 42.3452778, -83.0336789 42.3440645, -83.0318549 42.3413049, -83.0299023 42.3383469, -83.0284539 42.336158, -83.0277887 42.3351508, -83.0276814 42.3349842, -83.0276063 42.3347066, -83.0274883 42.3346353, -83.0272952 42.3343815, -83.0271343 42.3342546, -83.0271128 42.3341911, -83.0271128 42.3340484, -83.0270484 42.3338184, -83.0269519 42.3336201, -83.0268124 42.333509, -83.0265978 42.3332552)",Line 44,
"LINESTRING (-83.0312839 42.3404288, -83.0311766 42.3403892, -83.0308011 42.3399847, -83.0301573 42.3392075)",Line 45,
"LINESTRING (-83.1513531 42.3675368, -83.1513011 42.3677519, -83.1514513 42.3712872, -83.1513011 42.3716994, -83.1507432 42.3730627, -83.1507003 42.3734907)",Line 46,
